{"cameraMode":{"drawMode":0,"name":"Shaded","section":"Shading Mode"},"sceneLighting":false,"audioPlay":false,"sceneViewState":{"showFog":true,"showMaterialUpdate":false,"showSkybox":false,"showFlares":true,"showImageEffects":true,"showParticleSystems":true,"showVisualEffectGraphs":true,"m_FxEnabled":true},"in2DMode":false,"pivot":{"x":-0.026896405965089799,"y":0.17005108296871186,"z":-0.013191837817430497},"rotation":{"x":-0.20231373608112336,"y":-0.0014485964784398676,"z":0.00033279150375165045,"w":-0.979367196559906},"size":0.19058051705360413,"orthographic":true}