{"cameraMode":{"drawMode":0,"name":"Shaded","section":"Shading Mode"},"sceneLighting":false,"audioPlay":false,"sceneViewState":{"showFog":true,"showMaterialUpdate":false,"showSkybox":false,"showFlares":true,"showImageEffects":true,"showParticleSystems":true,"showVisualEffectGraphs":true,"m_FxEnabled":true},"in2DMode":false,"pivot":{"x":-0.18544504046440125,"y":1.6090805530548096,"z":-0.913022518157959},"rotation":{"x":-0.014085440896451474,"y":0.6063697338104248,"z":-0.010732846334576607,"w":-0.7950012683868408},"size":0.2781980633735657,"orthographic":false}